{"Clothes":[{"instanceID":25440},{"instanceID":25440},{"instanceID":25440}],"AnchorXaxisBasePoint":17.489999771118165,"AnchoryaxisBasePoint":0.0,"DistanceBetweenObject":-14.800000190734864,"MaxWidthLimit":2,"LowerDistance":-6.309999942779541,"CanvasUnderObject":{"instanceID":-12018}}