{"Clothes":[{"instanceID":25440},{"instanceID":25440},{"instanceID":25440}],"AnchorXaxisBasePoint":1.0700000524520875,"AnchoryaxisBasePoint":-12.399999618530274,"DistanceBetweenObject":-14.800000190734864,"MaxWidthLimit":0,"LowerDistance":-6.309999942779541}